,submission_date,state,tot_cases,conf_cases,prob_cases,new_case,pnew_case,tot_death,conf_death,prob_death,new_death,pnew_death,created_at,consent_cases,consent_deaths
296,2020-11-13,CO,154038,146023.0,8015.0,6439,157.0,2504,2096.0,408.0,36,0.0,11/14/2020 14:44,Agree,Agree
297,2020-11-14,CO,159234,151115.0,8119.0,5196,104.0,2525,2116.0,409.0,21,1.0,11/15/2020 15:12,Agree,Agree
298,2020-11-15,CO,163417,155258.0,8159.0,4183,40.0,2546,2137.0,409.0,21,0.0,11/16/2020 18:40,Agree,Agree
299,2020-11-16,CO,167713,158864.0,8849.0,4296,690.0,2578,2153.0,425.0,32,16.0,11/17/2020 14:52,Agree,Agree
300,2020-11-17,CO,172044,163076.0,8968.0,4331,119.0,2608,2177.0,431.0,30,6.0,11/18/2020 14:57,Agree,Agree
301,2020-11-18,CO,176694,167626.0,9068.0,4650,100.0,2651,2207.0,444.0,43,13.0,11/19/2020 15:01,Agree,Agree
302,2020-11-19,CO,182801,173653.0,9148.0,6107,80.0,2730,2277.0,453.0,79,9.0,11/20/2020 15:06,Agree,Agree
599,2020-11-13,FL,858585,,,6760,2009.0,17445,,,73,6.0,11/14/2020 14:44,Not agree,Not agree
600,2020-11-14,FL,862990,,,4405,1295.0,17489,,,44,3.0,11/15/2020 15:12,Not agree,Not agree
601,2020-11-15,FL,872810,,,9820,3502.0,17518,,,29,1.0,11/16/2020 18:40,Not agree,Not agree
602,2020-11-16,FL,877340,,,4530,692.0,17559,,,41,2.0,11/17/2020 14:52,Not agree,Not agree
603,2020-11-17,FL,884625,,,7285,1948.0,17644,,,85,3.0,11/18/2020 14:57,Not agree,Not agree
604,2020-11-18,FL,892352,,,7727,2280.0,17731,,,87,7.0,11/19/2020 15:01,Not agree,Not agree
605,2020-11-19,FL,901234,,,8882,2353.0,17810,,,79,6.0,11/20/2020 15:06,Not agree,Not agree
902,2020-11-13,AZ,269577,262454.0,7123.0,3015,89.0,6257,5806.0,451.0,17,4.0,11/14/2020 14:44,Agree,Agree
903,2020-11-14,AZ,273053,265808.0,7245.0,3476,122.0,6300,5845.0,455.0,43,4.0,11/15/2020 15:12,Agree,Agree
904,2020-11-15,AZ,275436,268103.0,7333.0,2383,88.0,6302,5846.0,456.0,2,1.0,11/16/2020 18:40,Agree,Agree
905,2020-11-16,AZ,276912,269457.0,7455.0,1476,122.0,6302,5846.0,456.0,0,0.0,11/17/2020 14:52,Agree,Agree
906,2020-11-17,AZ,279896,272312.0,7584.0,2984,129.0,6312,5855.0,457.0,10,1.0,11/18/2020 14:57,Agree,Agree
907,2020-11-18,AZ,283102,275342.0,7760.0,3206,176.0,6365,5902.0,463.0,53,6.0,11/19/2020 15:01,Agree,Agree
908,2020-11-19,AZ,287225,279218.0,8007.0,4123,247.0,6384,5919.0,465.0,19,2.0,11/20/2020 15:06,Agree,Agree
1205,2020-11-13,SC,192101,181243.0,10858.0,1611,200.0,4101,3835.0,266.0,17,-1.0,11/14/2020 14:44,Agree,Agree
1206,2020-11-14,SC,194014,182943.0,11071.0,1913,213.0,4110,3844.0,266.0,9,0.0,11/15/2020 15:12,Agree,Agree
1207,2020-11-15,SC,195507,184360.0,11147.0,1493,76.0,4112,3846.0,266.0,2,0.0,11/16/2020 18:40,Agree,Agree
1208,2020-11-16,SC,196617,185390.0,11227.0,1110,80.0,4143,3873.0,270.0,31,4.0,11/17/2020 14:52,Agree,Agree
1209,2020-11-17,SC,197900,186528.0,11372.0,1283,145.0,4156,3884.0,272.0,13,2.0,11/18/2020 14:57,Agree,Agree
1210,2020-11-18,SC,199447,187774.0,11673.0,1547,301.0,4182,3906.0,276.0,26,4.0,11/19/2020 15:01,Agree,Agree
1211,2020-11-19,SC,201160,189251.0,11909.0,1713,236.0,4201,3924.0,277.0,19,1.0,11/20/2020 15:06,Agree,Agree
1508,2020-11-13,CT,88645,82854.0,5791.0,2746,108.0,4737,3807.0,930.0,11,2.0,11/14/2020 14:44,Agree,Agree
1509,2020-11-14,CT,88645,82854.0,5791.0,0,0.0,4737,3807.0,930.0,0,0.0,11/15/2020 15:12,Agree,Agree
1510,2020-11-15,CT,88645,82854.0,5791.0,0,0.0,4737,3807.0,930.0,0,0.0,11/16/2020 18:40,Agree,Agree
1511,2020-11-16,CT,93284,87218.0,6066.0,4639,275.0,4759,3827.0,932.0,22,2.0,11/17/2020 14:52,Agree,Agree
1512,2020-11-17,CT,94986,88578.0,6408.0,1702,342.0,4771,3839.0,932.0,12,0.0,11/18/2020 14:57,Agree,Agree
1513,2020-11-18,CT,97028,90529.0,6499.0,2042,91.0,4784,3849.0,935.0,13,3.0,11/19/2020 15:01,Agree,Agree
1514,2020-11-19,CT,99381,92625.0,6756.0,2353,257.0,4805,3862.0,943.0,21,8.0,11/20/2020 15:06,Agree,Agree
1811,2020-11-13,NE,94922,,,2369,0.0,775,,,19,0.0,11/14/2020 14:44,Not agree,Not agree
1812,2020-11-14,NE,96834,,,1912,0.0,779,,,4,0.0,11/15/2020 15:12,Not agree,Not agree
1813,2020-11-15,NE,98161,,,1327,0.0,779,,,0,0.0,11/16/2020 18:40,Not agree,Not agree
1814,2020-11-16,NE,101601,,,3440,0.0,797,,,18,0.0,11/17/2020 14:52,Not agree,Not agree
1815,2020-11-17,NE,103805,,,2204,0.0,816,,,19,0.0,11/18/2020 14:57,Not agree,Not agree
1816,2020-11-18,NE,106617,,,2812,0.0,826,,,10,0.0,11/19/2020 15:01,Not agree,Not agree
1817,2020-11-19,NE,109280,,,2663,0.0,854,,,28,0.0,11/20/2020 15:06,Not agree,Not agree
2114,2020-11-13,KY,132844,110237.0,22607.0,3164,672.0,1647,1611.0,36.0,25,3.0,11/14/2020 14:44,Agree,Agree
2115,2020-11-14,KY,136137,112914.0,23223.0,3293,616.0,1658,1621.0,37.0,11,1.0,11/15/2020 15:12,Agree,Agree
2116,2020-11-15,KY,137586,114044.0,23542.0,1449,319.0,1661,1624.0,37.0,3,0.0,11/16/2020 18:40,Agree,Agree
2117,2020-11-16,KY,139097,115274.0,23823.0,1511,281.0,1664,1627.0,37.0,3,0.0,11/17/2020 14:52,Agree,Agree
2118,2020-11-17,KY,142008,117557.0,24451.0,2911,628.0,1697,1659.0,38.0,33,1.0,11/18/2020 14:57,Agree,Agree
2119,2020-11-18,KY,144753,119662.0,25091.0,2745,640.0,1712,1674.0,38.0,15,0.0,11/19/2020 15:01,Agree,Agree
2120,2020-11-19,KY,148390,122681.0,25709.0,3637,618.0,1742,1701.0,41.0,30,3.0,11/20/2020 15:06,Agree,Agree
2417,2020-11-13,WY,21341,18243.0,3098.0,862,61.0,127,127.0,0.0,0,0.0,11/14/2020 14:44,Agree,Agree
2418,2020-11-14,WY,21881,18726.0,3155.0,540,57.0,144,144.0,0.0,17,0.0,11/15/2020 15:12,Agree,Agree
2419,2020-11-15,WY,22494,19298.0,3196.0,613,41.0,144,144.0,0.0,0,0.0,11/16/2020 18:40,Agree,Agree
2420,2020-11-16,WY,23193,19885.0,3308.0,699,112.0,144,144.0,0.0,0,0.0,11/17/2020 14:52,Agree,Agree
2421,2020-11-17,WY,24453,21047.0,3406.0,1260,98.0,155,155.0,0.0,11,0.0,11/18/2020 14:57,Agree,Agree
2422,2020-11-18,WY,25275,21750.0,3525.0,822,119.0,155,155.0,0.0,0,0.0,11/19/2020 15:01,Agree,Agree
2423,2020-11-19,WY,26169,22489.0,3680.0,894,155.0,176,176.0,0.0,21,0.0,11/20/2020 15:06,Agree,Agree
2720,2020-11-13,IA,176695,,,5452,1395.0,1949,,,18,0.0,11/14/2020 14:44,Not agree,Not agree
2721,2020-11-14,IA,181332,,,4637,554.0,1973,,,24,0.0,11/15/2020 15:12,Not agree,Not agree
2722,2020-11-15,IA,185156,,,3824,286.0,1985,,,12,0.0,11/16/2020 18:40,Not agree,Not agree
2723,2020-11-16,IA,188378,,,3222,1113.0,1991,,,6,0.0,11/17/2020 14:52,Not agree,Not agree
2724,2020-11-17,IA,191413,,,3035,877.0,2028,,,37,0.0,11/18/2020 14:57,Not agree,Not agree
2725,2020-11-18,IA,195542,,,4129,854.0,2066,,,38,0.0,11/19/2020 15:01,Not agree,Not agree
2726,2020-11-19,IA,199691,,,4149,639.0,2106,,,40,0.0,11/20/2020 15:06,Not agree,Not agree
3023,2020-11-13,NM,62006,,,1230,0.0,1198,,,22,0.0,11/14/2020 14:44,,Not agree
3024,2020-11-14,NM,63171,,,1165,0.0,1208,,,10,0.0,11/15/2020 15:12,,Not agree
3025,2020-11-15,NM,64201,,,1030,0.0,1215,,,7,0.0,11/16/2020 18:40,,Not agree
3026,2020-11-16,NM,65454,,,1253,0.0,1236,,,21,0.0,11/17/2020 14:52,,Not agree
3027,2020-11-17,NM,67559,,,2105,0.0,1264,,,28,0.0,11/18/2020 14:57,,Not agree
3028,2020-11-18,NM,70451,,,2892,0.0,1290,,,26,0.0,11/19/2020 15:01,,Not agree
3029,2020-11-19,NM,74116,,,3665,0.0,1302,,,12,0.0,11/20/2020 15:06,,Not agree
3326,2020-11-13,ND,62872,,,2270,0.0,726,,,19,0.0,11/14/2020 14:44,Not agree,Not agree
3327,2020-11-14,ND,63796,,,924,0.0,736,,,10,0.0,11/15/2020 15:12,Not agree,Not agree
3328,2020-11-15,ND,64885,,,1089,0.0,743,,,7,0.0,11/16/2020 18:40,Not agree,Not agree
3329,2020-11-16,ND,65967,,,1082,0.0,769,,,26,0.0,11/17/2020 14:52,Not agree,Not agree
3330,2020-11-17,ND,67230,,,1263,0.0,785,,,16,0.0,11/18/2020 14:57,Not agree,Not agree
3331,2020-11-18,ND,68612,,,1382,0.0,795,,,10,0.0,11/19/2020 15:01,Not agree,Not agree
3332,2020-11-19,ND,70016,,,1404,0.0,818,,,23,0.0,11/20/2020 15:06,Not agree,Not agree
3629,2020-11-13,WA,125498,,,2142,0.0,2519,,,12,0.0,11/14/2020 14:44,,
3630,2020-11-14,WA,127731,,,2233,0.0,2519,,,0,0.0,11/15/2020 15:12,,
3631,2020-11-15,WA,130040,,,2309,0.0,2519,,,0,0.0,11/16/2020 18:40,,
3632,2020-11-16,WA,131532,,,1492,0.0,2548,,,29,0.0,11/17/2020 14:52,,
3633,2020-11-17,WA,134121,,,2589,0.0,2571,,,23,0.0,11/18/2020 14:57,,
3634,2020-11-18,WA,135424,,,1303,0.0,2592,,,21,0.0,11/19/2020 15:01,,
3635,2020-11-19,WA,137411,,,1987,0.0,2603,,,11,0.0,11/20/2020 15:06,,
4235,2020-11-13,TN,300458,280117.0,20341.0,3733,697.0,3852,3583.0,269.0,64,12.0,11/14/2020 14:44,Agree,Agree
4236,2020-11-14,TN,305120,284173.0,20947.0,4662,606.0,3877,3604.0,273.0,25,4.0,11/15/2020 15:12,Agree,Agree
4237,2020-11-15,TN,310937,289358.0,21579.0,5817,632.0,3893,3620.0,273.0,16,0.0,11/16/2020 18:40,Agree,Agree
4238,2020-11-16,TN,318888,296654.0,22234.0,7951,655.0,3923,3645.0,278.0,30,5.0,11/17/2020 14:52,Agree,Agree
4239,2020-11-17,TN,320729,298288.0,22441.0,1841,207.0,3995,3705.0,290.0,72,12.0,11/18/2020 14:57,Agree,Agree
4240,2020-11-18,TN,325201,301901.0,23300.0,4472,859.0,4048,3749.0,299.0,53,9.0,11/19/2020 15:01,Agree,Agree
4241,2020-11-19,TN,328088,304077.0,24011.0,2887,711.0,4128,3810.0,318.0,80,19.0,11/20/2020 15:06,Agree,Agree
4841,2020-11-13,MA,187523,177627.0,9896.0,2674,0.0,10246,10038.0,208.0,23,0.0,11/14/2020 14:44,Agree,Agree
4842,2020-11-14,MA,190364,180468.0,9896.0,2841,0.0,10273,10065.0,208.0,27,0.0,11/15/2020 15:12,Agree,Agree
4843,2020-11-15,MA,192440,182544.0,9896.0,2076,0.0,10306,10098.0,208.0,33,0.0,11/16/2020 18:40,Agree,Agree
4844,2020-11-16,MA,194407,184511.0,9896.0,1967,0.0,10318,10110.0,208.0,12,0.0,11/17/2020 14:52,Agree,Agree
4845,2020-11-17,MA,196670,186774.0,9896.0,2263,0.0,10338,10130.0,208.0,20,0.0,11/18/2020 14:57,Agree,Agree
4846,2020-11-18,MA,199414,189518.0,9896.0,2744,0.0,10385,10177.0,208.0,47,0.0,11/19/2020 15:01,Agree,Agree
4847,2020-11-19,MA,201946,192050.0,9896.0,2532,0.0,10412,10204.0,208.0,27,0.0,11/20/2020 15:06,Agree,Agree
5144,2020-11-13,PA,254387,239156.0,15231.0,5531,500.0,9224,,,30,-47.0,11/14/2020 14:44,Agree,Not agree
5145,2020-11-14,PA,259938,244160.0,15778.0,5551,547.0,9274,,,50,32.0,11/15/2020 15:12,Agree,Not agree
5146,2020-11-15,PA,265137,248981.0,16156.0,5199,378.0,9312,,,38,30.0,11/16/2020 18:40,Agree,Not agree
5147,2020-11-16,PA,269613,253133.0,16480.0,4476,324.0,9325,,,13,-2.0,11/17/2020 14:52,Agree,Not agree
5148,2020-11-17,PA,275513,258304.0,17209.0,5900,729.0,9355,,,30,-17.0,11/18/2020 14:57,Agree,Not agree
5149,2020-11-18,PA,281852,263978.0,17874.0,6339,665.0,9465,,,110,-12.0,11/19/2020 15:01,Agree,Not agree
5150,2020-11-19,PA,288978,270323.0,18655.0,7126,781.0,9581,,,116,91.0,11/20/2020 15:06,Agree,Not agree
5750,2020-11-13,OH,282528,267338.0,15190.0,8071,232.0,5700,5354.0,346.0,42,4.0,11/14/2020 14:44,Agree,Agree
5751,2020-11-14,OH,290243,274890.0,15353.0,7715,163.0,5714,5367.0,347.0,14,1.0,11/15/2020 15:12,Agree,Agree
5752,2020-11-15,OH,298096,282550.0,15546.0,7853,193.0,5722,5373.0,349.0,8,2.0,11/16/2020 18:40,Agree,Agree
5753,2020-11-16,OH,305364,289593.0,15771.0,7268,225.0,5742,5387.0,355.0,20,6.0,11/17/2020 14:52,Agree,Agree
5754,2020-11-17,OH,312443,296387.0,16056.0,7079,285.0,5772,5412.0,360.0,30,5.0,11/18/2020 14:57,Agree,Agree
5755,2020-11-18,OH,318828,302516.0,16312.0,6385,256.0,5827,5462.0,365.0,55,5.0,11/19/2020 15:01,Agree,Agree
5756,2020-11-19,OH,326615,310103.0,16512.0,7787,200.0,5890,5522.0,368.0,63,3.0,11/20/2020 15:06,Agree,Agree
6053,2020-11-13,AL,213617,180275.0,33342.0,2980,718.0,3231,2989.0,242.0,18,-1.0,11/14/2020 14:44,Agree,Agree
6054,2020-11-14,AL,215843,181895.0,33948.0,2226,606.0,3246,2998.0,248.0,15,6.0,11/15/2020 15:12,Agree,Agree
6055,2020-11-15,AL,217822,183491.0,34331.0,1979,383.0,3248,3000.0,248.0,2,0.0,11/16/2020 18:40,Agree,Agree
6056,2020-11-16,AL,219232,184645.0,34587.0,1410,256.0,3249,3001.0,248.0,1,0.0,11/17/2020 14:52,Agree,Agree
6057,2020-11-17,AL,220848,185874.0,34974.0,1616,387.0,3301,3040.0,261.0,52,13.0,11/18/2020 14:57,Agree,Agree
6058,2020-11-18,AL,223486,187623.0,35863.0,2638,889.0,3347,3073.0,274.0,46,13.0,11/19/2020 15:01,Agree,Agree
6059,2020-11-19,AL,225910,189461.0,36449.0,2424,586.0,3419,3123.0,296.0,72,22.0,11/20/2020 15:06,Agree,Agree
6356,2020-11-13,VA,200800,182485.0,18315.0,1537,529.0,3799,3526.0,273.0,14,1.0,11/14/2020 14:44,Agree,Agree
6357,2020-11-14,VA,201961,183455.0,18506.0,1161,191.0,3800,3527.0,273.0,1,0.0,11/15/2020 15:12,Agree,Agree
6358,2020-11-15,VA,204638,185526.0,19112.0,2677,606.0,3805,3533.0,272.0,5,-1.0,11/16/2020 18:40,Agree,Agree
6359,2020-11-16,VA,206763,187288.0,19475.0,2125,363.0,3835,3557.0,278.0,30,6.0,11/17/2020 14:52,Agree,Agree
6360,2020-11-17,VA,208834,188854.0,19980.0,2071,505.0,3860,3569.0,291.0,25,13.0,11/18/2020 14:57,Agree,Agree
6361,2020-11-18,VA,210788,190157.0,20631.0,1954,651.0,3896,3594.0,302.0,36,11.0,11/19/2020 15:01,Agree,Agree
6362,2020-11-19,VA,213332,191972.0,21360.0,2544,729.0,3912,3605.0,307.0,16,5.0,11/20/2020 15:06,Agree,Agree
6659,2020-11-13,MI,268362,244741.0,23621.0,9179,663.0,8308,7929.0,379.0,123,5.0,11/14/2020 14:44,Agree,Agree
6660,2020-11-14,MI,275792,251813.0,23979.0,7430,358.0,8376,7994.0,382.0,68,3.0,11/15/2020 15:12,Agree,Agree
6661,2020-11-15,MI,275792,251813.0,23979.0,0,0.0,8376,7994.0,382.0,0,0.0,11/16/2020 18:40,Agree,Agree
6662,2020-11-16,MI,288954,264576.0,24378.0,13162,399.0,8431,8049.0,382.0,55,0.0,11/17/2020 14:52,Agree,Agree
6663,2020-11-17,MI,296840,272034.0,24806.0,7886,428.0,8511,8128.0,383.0,80,1.0,11/18/2020 14:57,Agree,Agree
6664,2020-11-18,MI,303058,277806.0,25252.0,6218,446.0,8573,8190.0,383.0,62,0.0,11/19/2020 15:01,Agree,Agree
6665,2020-11-19,MI,311041,285398.0,25643.0,7983,391.0,8717,8324.0,393.0,144,10.0,11/20/2020 15:06,Agree,Agree
6962,2020-11-13,MS,133340,111720.0,21620.0,1370,580.0,3540,3134.0,406.0,21,9.0,11/14/2020 14:44,Agree,Agree
6963,2020-11-14,MS,134309,112266.0,22043.0,969,423.0,3543,3137.0,406.0,3,0.0,11/15/2020 15:12,Agree,Agree
6964,2020-11-15,MS,134898,112610.0,22288.0,589,245.0,3545,3138.0,407.0,2,1.0,11/16/2020 18:40,Agree,Agree
6965,2020-11-16,MS,135803,113195.0,22608.0,905,320.0,3581,3168.0,413.0,36,6.0,11/17/2020 14:52,Agree,Agree
6966,2020-11-17,MS,137396,114043.0,23353.0,1593,745.0,3601,3180.0,421.0,20,8.0,11/18/2020 14:57,Agree,Agree
6967,2020-11-18,MS,138791,114888.0,23903.0,1395,550.0,3619,3195.0,424.0,18,3.0,11/19/2020 15:01,Agree,Agree
6968,2020-11-19,MS,140429,115817.0,24612.0,1638,709.0,3642,3215.0,427.0,23,3.0,11/20/2020 15:06,Agree,Agree
7265,2020-11-13,WI,318023,301165.0,16858.0,8451,674.0,2683,2573.0,110.0,62,4.0,11/14/2020 14:44,Agree,Agree
7266,2020-11-14,WI,323604,306311.0,17293.0,5581,435.0,2739,2625.0,114.0,56,4.0,11/15/2020 15:12,Agree,Agree
7267,2020-11-15,WI,329924,312369.0,17555.0,6320,262.0,2751,2637.0,114.0,12,0.0,11/16/2020 18:40,Agree,Agree
7268,2020-11-16,WI,334562,316758.0,17804.0,4638,249.0,2764,2649.0,115.0,13,1.0,11/17/2020 14:52,Agree,Agree
7269,2020-11-17,WI,342155,323848.0,18307.0,7593,503.0,2867,2741.0,126.0,103,11.0,11/18/2020 14:57,Agree,Agree
7270,2020-11-18,WI,350665,331837.0,18828.0,8510,521.0,2925,2793.0,132.0,58,6.0,11/19/2020 15:01,Agree,Agree
7271,2020-11-19,WI,358113,338472.0,19641.0,7448,813.0,3010,2876.0,134.0,85,2.0,11/20/2020 15:06,Agree,Agree
7568,2020-11-13,IL,551957,551957.0,0.0,15415,0.0,10891,10504.0,387.0,45,18.0,11/14/2020 14:44,Agree,Agree
7569,2020-11-14,IL,562985,562985.0,0.0,11028,0.0,11088,10670.0,418.0,197,31.0,11/15/2020 15:12,Agree,Agree
7570,2020-11-15,IL,573616,573616.0,0.0,10631,0.0,11162,10742.0,420.0,74,2.0,11/16/2020 18:40,Agree,Agree
7571,2020-11-16,IL,585248,585248.0,0.0,11632,0.0,11204,10779.0,425.0,42,5.0,11/17/2020 14:52,Agree,Agree
7572,2020-11-17,IL,597849,597849.0,0.0,12601,0.0,11317,10875.0,442.0,113,17.0,11/18/2020 14:57,Agree,Agree
7573,2020-11-18,IL,606771,606771.0,0.0,8922,0.0,11468,11014.0,454.0,151,12.0,11/19/2020 15:01,Agree,Agree
7574,2020-11-19,IL,621383,621383.0,0.0,14612,0.0,11648,11178.0,470.0,180,16.0,11/20/2020 15:06,Agree,Agree
8174,2020-11-13,OK,158451,133832.0,24619.0,2822,716.0,1537,1488.0,49.0,40,2.0,11/14/2020 14:44,Agree,Agree
8175,2020-11-14,OK,158451,133832.0,24619.0,0,0.0,1537,1488.0,49.0,0,0.0,11/15/2020 15:12,Agree,Agree
8176,2020-11-15,OK,162373,137238.0,25135.0,3922,516.0,1543,1488.0,55.0,6,6.0,11/16/2020 18:40,Agree,Agree
8177,2020-11-16,OK,162373,137238.0,25135.0,0,0.0,1543,1488.0,55.0,0,0.0,11/17/2020 14:52,Agree,Agree
8178,2020-11-17,OK,169762,143221.0,26541.0,7389,1406.0,1592,1531.0,61.0,49,6.0,11/18/2020 14:57,Agree,Agree
8179,2020-11-18,OK,172585,145431.0,27154.0,2823,613.0,1603,1540.0,63.0,11,2.0,11/19/2020 15:01,Agree,Agree
8180,2020-11-19,OK,175505,147768.0,27737.0,2920,583.0,1619,1556.0,63.0,16,0.0,11/20/2020 15:06,Agree,Agree
8477,2020-11-13,TX,1004983,,,11142,0.0,19320,,,173,0.0,11/14/2020 14:44,Not agree,Not agree
8478,2020-11-14,TX,1014160,,,9177,0.0,19470,,,150,0.0,11/15/2020 15:12,Not agree,Not agree
8479,2020-11-15,TX,1020721,,,6561,0.0,19559,,,89,0.0,11/16/2020 18:40,Not agree,Not agree
8480,2020-11-16,TX,1027889,,,7168,0.0,19579,,,20,0.0,11/17/2020 14:52,Not agree,Not agree
8481,2020-11-17,TX,1039513,,,11624,0.0,19696,,,117,0.0,11/18/2020 14:57,Not agree,Not agree
8482,2020-11-18,TX,1048383,,,8870,0.0,19883,,,187,0.0,11/19/2020 15:01,Not agree,Not agree
8483,2020-11-19,TX,1060883,,,12500,0.0,20113,,,230,0.0,11/20/2020 15:06,Not agree,Not agree
8780,2020-11-13,ID,79798,68350.0,11448.0,1519,249.0,752,695.0,57.0,3,0.0,11/14/2020 14:44,Agree,Agree
8781,2020-11-14,ID,81317,69557.0,11760.0,1519,312.0,759,700.0,59.0,7,2.0,11/15/2020 15:12,Agree,Agree
8782,2020-11-15,ID,82245,70435.0,11810.0,928,50.0,759,700.0,59.0,0,0.0,11/16/2020 18:40,Agree,Agree
8783,2020-11-16,ID,83344,71359.0,11985.0,1099,175.0,763,703.0,60.0,4,1.0,11/17/2020 14:52,Agree,Agree
8784,2020-11-17,ID,85125,72765.0,12360.0,1781,375.0,798,733.0,65.0,35,5.0,11/18/2020 14:57,Agree,Agree
8785,2020-11-18,ID,86435,73840.0,12595.0,1310,235.0,812,746.0,66.0,14,1.0,11/19/2020 15:01,Agree,Agree
8786,2020-11-19,ID,87978,75084.0,12894.0,1543,299.0,835,769.0,66.0,23,0.0,11/20/2020 15:06,Agree,Agree
9083,2020-11-13,NJ,270383,,,3397,0.0,16522,14721.0,1801.0,27,0.0,11/14/2020 14:44,Not agree,Agree
9084,2020-11-14,NJ,274736,,,4353,0.0,16548,14747.0,1801.0,26,0.0,11/15/2020 15:12,Not agree,Agree
9085,2020-11-15,NJ,279274,,,4538,0.0,16566,14765.0,1801.0,18,0.0,11/16/2020 18:40,Not agree,Agree
9086,2020-11-16,NJ,281493,,,2219,0.0,16580,14779.0,1801.0,14,0.0,11/17/2020 14:52,Not agree,Agree
9087,2020-11-17,NJ,285519,,,4026,0.0,16618,14817.0,1801.0,38,0.0,11/18/2020 14:57,Not agree,Agree
9088,2020-11-18,NJ,289562,,,4043,0.0,16655,14843.0,1812.0,37,11.0,11/19/2020 15:01,Not agree,Agree
9089,2020-11-19,NJ,293744,,,4182,0.0,16689,14877.0,1812.0,34,0.0,11/20/2020 15:06,Not agree,Agree
9386,2020-11-13,LA,201981,,,3450,654.0,6121,5885.0,236.0,24,2.0,11/14/2020 14:44,Not agree,Agree
9387,2020-11-14,LA,201981,,,0,0.0,6121,5885.0,236.0,0,0.0,11/15/2020 15:12,Not agree,Agree
9388,2020-11-15,LA,204513,,,2532,293.0,6132,5895.0,237.0,11,1.0,11/16/2020 18:40,Not agree,Agree
9389,2020-11-16,LA,205059,,,546,3.0,6139,5902.0,237.0,7,0.0,11/17/2020 14:52,Not agree,Agree
9390,2020-11-17,LA,207685,,,2626,434.0,6156,5916.0,240.0,17,3.0,11/18/2020 14:57,Not agree,Agree
9391,2020-11-18,LA,209914,,,2229,906.0,6184,5939.0,245.0,28,5.0,11/19/2020 15:01,Not agree,Agree
9392,2020-11-19,LA,211966,,,2052,291.0,6199,5951.0,248.0,15,3.0,11/20/2020 15:06,Not agree,Agree
9689,2020-11-13,CA,998502,,,6893,0.0,18137,,,29,0.0,11/14/2020 14:44,Not agree,Not agree
9690,2020-11-14,CA,1008377,,,9875,0.0,18218,,,81,0.0,11/15/2020 15:12,Not agree,Not agree
9691,2020-11-15,CA,1019345,,,10968,0.0,18253,,,35,0.0,11/16/2020 18:40,Not agree,Not agree
9692,2020-11-16,CA,1029235,,,9890,0.0,18263,,,10,0.0,11/17/2020 14:52,Not agree,Not agree
9693,2020-11-17,CA,1037978,,,8743,0.0,18299,,,36,0.0,11/18/2020 14:57,Not agree,Not agree
9694,2020-11-18,CA,1047789,,,9811,0.0,18360,,,61,0.0,11/19/2020 15:01,Not agree,Not agree
9695,2020-11-19,CA,1059267,,,11478,0.0,18466,,,106,0.0,11/20/2020 15:06,Not agree,Not agree
9992,2020-11-13,GA,419870,382505.0,37365.0,2994,679.0,8905,8418.0,487.0,24,9.0,11/14/2020 14:44,Agree,Agree
9993,2020-11-14,GA,422905,384997.0,37908.0,3035,543.0,8956,8462.0,494.0,51,7.0,11/15/2020 15:12,Agree,Agree
9994,2020-11-15,GA,424989,386949.0,38040.0,2084,132.0,8957,8462.0,495.0,1,1.0,11/16/2020 18:40,Agree,Agree
9995,2020-11-16,GA,426236,387930.0,38306.0,1247,266.0,8967,8471.0,496.0,10,1.0,11/17/2020 14:52,Agree,Agree
9996,2020-11-17,GA,430571,391466.0,39105.0,4335,799.0,9008,8496.0,512.0,41,16.0,11/18/2020 14:57,Agree,Agree
9997,2020-11-18,GA,433732,393980.0,39752.0,3161,647.0,9065,8536.0,529.0,57,17.0,11/19/2020 15:01,Agree,Agree
9998,2020-11-19,GA,437156,396641.0,40515.0,3424,763.0,9102,8569.0,533.0,37,4.0,11/20/2020 15:06,Agree,Agree
10295,2020-11-13,NV,116737,,,1857,0.0,1893,,,13,0.0,11/14/2020 14:44,,
10296,2020-11-14,NV,119006,,,2269,0.0,1908,,,15,0.0,11/15/2020 15:12,,
10297,2020-11-15,NV,120183,,,1177,0.0,1909,,,1,0.0,11/16/2020 18:40,,
10298,2020-11-16,NV,122097,,,1914,0.0,1917,,,8,0.0,11/17/2020 14:52,,
10299,2020-11-17,NV,123794,,,1697,0.0,1944,,,27,0.0,11/18/2020 14:57,,
10300,2020-11-18,NV,125459,,,1665,0.0,1947,,,3,0.0,11/19/2020 15:01,,
10301,2020-11-19,NV,127875,,,2416,0.0,1953,,,6,0.0,11/20/2020 15:06,,
10598,2020-11-13,IN,236565,,,5600,0.0,4863,4613.0,250.0,50,0.0,11/14/2020 14:44,Not agree,Agree
10599,2020-11-14,IN,244887,,,8322,0.0,4888,4638.0,250.0,25,0.0,11/15/2020 15:12,Not agree,Agree
10600,2020-11-15,IN,251597,,,6710,0.0,4910,4660.0,250.0,22,0.0,11/16/2020 18:40,Not agree,Agree
10601,2020-11-16,IN,256744,,,5147,0.0,4936,4686.0,250.0,26,0.0,11/17/2020 14:52,Not agree,Agree
10602,2020-11-17,IN,262207,,,5463,0.0,5025,4770.0,255.0,89,5.0,11/18/2020 14:57,Not agree,Agree
10603,2020-11-18,IN,268222,,,6015,0.0,5084,4830.0,254.0,59,-1.0,11/19/2020 15:01,Not agree,Agree
10604,2020-11-19,IN,275503,,,7281,0.0,5143,4889.0,254.0,59,0.0,11/20/2020 15:06,Not agree,Agree
10901,2020-11-13,AR,130318,,,2312,753.0,2148,,,4,0.0,11/14/2020 14:44,Not agree,Not agree
10902,2020-11-14,AR,132166,,,1848,499.0,2159,,,11,0.0,11/15/2020 15:12,Not agree,Not agree
10903,2020-11-15,AR,133040,,,874,167.0,2183,,,24,3.0,11/16/2020 18:40,Not agree,Not agree
10904,2020-11-16,AR,134348,,,1308,143.0,2225,,,42,4.0,11/17/2020 14:52,Not agree,Not agree
10905,2020-11-17,AR,135902,,,1554,409.0,2245,,,20,1.0,11/18/2020 14:57,Not agree,Not agree
10906,2020-11-18,AR,137617,,,1715,387.0,2275,,,30,2.0,11/19/2020 15:01,Not agree,Not agree
10907,2020-11-19,AR,139855,,,2238,554.0,2297,,,22,2.0,11/20/2020 15:06,Not agree,Not agree
11204,2020-11-13,MD,164090,,,2321,0.0,4293,4144.0,149.0,20,0.0,11/14/2020 14:44,,Agree
11205,2020-11-14,MD,165930,,,1840,0.0,4302,4153.0,149.0,9,0.0,11/15/2020 15:12,,Agree
11206,2020-11-15,MD,167656,,,1726,0.0,4309,4160.0,149.0,7,0.0,11/16/2020 18:40,,Agree
11207,2020-11-16,MD,169805,,,2149,0.0,4335,4186.0,149.0,26,0.0,11/17/2020 14:52,,Agree
11208,2020-11-17,MD,171823,,,2018,0.0,4351,4201.0,150.0,16,1.0,11/18/2020 14:57,,Agree
11209,2020-11-18,MD,174733,,,2910,0.0,4372,4220.0,152.0,21,2.0,11/19/2020 15:01,,Agree
11210,2020-11-19,MD,177086,,,2353,0.0,4398,4245.0,153.0,26,1.0,11/20/2020 15:06,,Agree
11507,2020-11-13,NY,272361,,,3575,0.0,9457,,,19,0.0,11/14/2020 14:44,Not agree,Not agree
11508,2020-11-14,NY,275952,,,3591,0.0,9472,,,15,0.0,11/15/2020 15:12,Not agree,Not agree
11509,2020-11-15,NY,278144,,,2192,0.0,9497,,,25,0.0,11/16/2020 18:40,Not agree,Not agree
11510,2020-11-16,NY,280349,,,2205,0.0,9518,,,21,0.0,11/17/2020 14:52,Not agree,Not agree
11511,2020-11-17,NY,283503,,,3154,0.0,9544,,,26,0.0,11/18/2020 14:57,Not agree,Not agree
11512,2020-11-18,NY,287050,,,3547,0.0,9573,,,29,0.0,11/19/2020 15:01,Not agree,Not agree
11513,2020-11-19,NY,290513,,,3463,0.0,9596,,,23,0.0,11/20/2020 15:06,Not agree,Not agree
11810,2020-11-13,MN,207339,,,5544,213.0,2895,2802.0,93.0,46,0.0,11/14/2020 14:44,,Agree
11811,2020-11-14,MN,216028,,,8689,195.0,2930,2836.0,94.0,35,1.0,11/15/2020 15:12,,Agree
11812,2020-11-15,MN,223581,,,7553,175.0,2961,2861.0,100.0,31,6.0,11/16/2020 18:40,,Agree
11813,2020-11-16,MN,231018,,,7437,239.0,2973,2873.0,100.0,12,0.0,11/17/2020 14:52,,Agree
11814,2020-11-17,MN,236949,,,5931,176.0,2999,2898.0,101.0,26,1.0,11/18/2020 14:57,,Agree
11815,2020-11-18,MN,242043,,,5094,361.0,3066,2961.0,105.0,67,4.0,11/19/2020 15:01,,Agree
11816,2020-11-19,MN,249906,,,7863,282.0,3138,3029.0,109.0,72,4.0,11/20/2020 15:06,,Agree
12113,2020-11-13,OR,54937,53217.0,1720.0,1058,0.0,753,738.0,15.0,7,0.0,11/14/2020 14:44,Agree,Agree
12114,2020-11-14,OR,56018,54298.0,1720.0,1081,0.0,759,744.0,15.0,6,0.0,11/15/2020 15:12,Agree,Agree
12115,2020-11-15,OR,56880,55160.0,1720.0,862,0.0,761,746.0,15.0,2,0.0,11/16/2020 18:40,Agree,Agree
12116,2020-11-16,OR,57646,55926.0,1720.0,766,0.0,765,750.0,15.0,4,0.0,11/17/2020 14:52,Agree,Agree
12117,2020-11-17,OR,58570,56850.0,1720.0,924,0.0,778,763.0,15.0,13,0.0,11/18/2020 14:57,Agree,Agree
12118,2020-11-18,OR,59669,57949.0,1720.0,1099,0.0,788,773.0,15.0,10,0.0,11/19/2020 15:01,Agree,Agree
12119,2020-11-19,OR,60873,59153.0,1720.0,1204,0.0,808,793.0,15.0,20,0.0,11/20/2020 15:06,Agree,Agree
12416,2020-11-13,WV,31639,28076.0,3563.0,742,153.0,565,,,10,0.0,11/14/2020 14:44,Agree,Not agree
12417,2020-11-14,WV,32792,29004.0,3788.0,1153,225.0,574,,,9,0.0,11/15/2020 15:12,Agree,Not agree
12418,2020-11-15,WV,33679,29700.0,3979.0,887,191.0,582,,,8,2.0,11/16/2020 18:40,Agree,Not agree
12419,2020-11-16,WV,34460,30384.0,4076.0,781,97.0,585,,,3,1.0,11/17/2020 14:52,Agree,Not agree
12420,2020-11-17,WV,35324,31058.0,4266.0,864,190.0,598,,,13,4.0,11/18/2020 14:57,Agree,Not agree
12421,2020-11-18,WV,36277,31821.0,4456.0,953,190.0,612,,,14,0.0,11/19/2020 15:01,Agree,Not agree
12422,2020-11-19,WV,37399,32754.0,4645.0,1122,189.0,623,,,11,2.0,11/20/2020 15:06,Agree,Not agree
12719,2020-11-13,UT,145789,145789.0,0.0,2150,0.0,701,690.0,11.0,14,2.0,11/14/2020 14:44,Agree,Agree
12720,2020-11-14,UT,151141,151141.0,0.0,5352,0.0,710,698.0,12.0,9,1.0,11/15/2020 15:12,Agree,Agree
12721,2020-11-15,UT,153808,153808.0,0.0,2667,0.0,718,705.0,13.0,8,1.0,11/16/2020 18:40,Agree,Agree
12722,2020-11-16,UT,155779,155779.0,0.0,1971,0.0,723,710.0,13.0,5,0.0,11/17/2020 14:52,Agree,Agree
12723,2020-11-17,UT,158957,158957.0,0.0,3178,0.0,732,719.0,13.0,9,0.0,11/18/2020 14:57,Agree,Agree
12724,2020-11-18,UT,162028,162028.0,0.0,3071,0.0,740,727.0,13.0,8,0.0,11/19/2020 15:01,Agree,Agree
12725,2020-11-19,UT,165996,165996.0,0.0,3968,0.0,756,742.0,14.0,16,1.0,11/20/2020 15:06,Agree,Agree
13022,2020-11-13,MO,235722,,,10351,0.0,3373,,,34,0.0,11/14/2020 14:44,Not agree,Not agree
13023,2020-11-14,MO,239451,,,3729,0.0,3374,,,1,0.0,11/15/2020 15:12,Not agree,Not agree
13024,2020-11-15,MO,239451,,,0,0.0,3374,,,0,0.0,11/16/2020 18:40,Not agree,Not agree
13025,2020-11-16,MO,243169,,,3718,0.0,3386,,,12,0.0,11/17/2020 14:52,Not agree,Not agree
13026,2020-11-17,MO,248886,,,5717,0.0,3453,,,67,0.0,11/18/2020 14:57,Not agree,Not agree
13027,2020-11-18,MO,253473,,,4587,0.0,3477,,,24,0.0,11/19/2020 15:01,Not agree,Not agree
13028,2020-11-19,MO,257822,,,4349,0.0,3507,,,30,0.0,11/20/2020 15:06,Not agree,Not agree
13325,2020-11-13,DE,28016,26778.0,1238.0,470,12.0,734,644.0,90.0,2,0.0,11/14/2020 14:44,Agree,Agree
13326,2020-11-14,DE,28395,27143.0,1252.0,379,14.0,736,646.0,90.0,2,0.0,11/15/2020 15:12,Agree,Agree
13327,2020-11-15,DE,28803,27547.0,1256.0,408,4.0,736,646.0,90.0,0,0.0,11/16/2020 18:40,Agree,Agree
13328,2020-11-16,DE,29552,28281.0,1271.0,749,15.0,739,649.0,90.0,3,0.0,11/17/2020 14:52,Agree,Agree
13329,2020-11-17,DE,29755,28473.0,1282.0,203,11.0,742,652.0,90.0,3,0.0,11/18/2020 14:57,Agree,Agree
13330,2020-11-18,DE,30153,28860.0,1293.0,398,11.0,742,652.0,90.0,0,0.0,11/19/2020 15:01,Agree,Agree
13331,2020-11-19,DE,30153,28860.0,1293.0,0,0.0,742,652.0,90.0,0,0.0,11/20/2020 15:06,Agree,Agree
13628,2020-11-13,SD,62327,,,1611,129.0,568,518.0,50.0,1,0.0,11/14/2020 14:44,,Agree
13629,2020-11-14,SD,64182,,,1855,175.0,621,561.0,60.0,53,10.0,11/15/2020 15:12,,Agree
13630,2020-11-15,SD,65381,,,1199,99.0,644,579.0,65.0,23,5.0,11/16/2020 18:40,,Agree
13631,2020-11-16,SD,66278,,,897,76.0,644,580.0,64.0,0,-1.0,11/17/2020 14:52,,Agree
13632,2020-11-17,SD,67284,,,1006,36.0,644,580.0,64.0,0,0.0,11/18/2020 14:57,,Agree
13633,2020-11-18,SD,68671,,,1387,296.0,674,602.0,72.0,30,8.0,11/19/2020 15:01,,Agree
13634,2020-11-19,SD,69742,,,1071,154.0,705,626.0,79.0,31,7.0,11/20/2020 15:06,,Agree
13931,2020-11-13,RI,41529,,,765,0.0,1254,,,4,0.0,11/14/2020 14:44,Not agree,
13932,2020-11-14,RI,41529,,,0,0.0,1254,,,0,0.0,11/15/2020 15:12,Not agree,
13933,2020-11-15,RI,41529,,,0,0.0,1254,,,0,0.0,11/16/2020 18:40,Not agree,
13934,2020-11-16,RI,43923,,,2394,0.0,1270,,,16,0.0,11/17/2020 14:52,Not agree,
13935,2020-11-17,RI,44528,,,605,0.0,1278,,,8,0.0,11/18/2020 14:57,Not agree,
13936,2020-11-18,RI,45911,,,1383,0.0,1284,,,6,0.0,11/19/2020 15:01,Not agree,
13937,2020-11-19,RI,46951,,,1040,0.0,1288,,,4,0.0,11/20/2020 15:06,Not agree,
14234,2020-11-13,KS,115507,101914.0,13593.0,6282,1220.0,1259,,,44,9.0,11/14/2020 14:44,Agree,
14235,2020-11-14,KS,115507,101914.0,13593.0,0,0.0,1259,,,0,0.0,11/15/2020 15:12,Agree,
14236,2020-11-15,KS,115507,101914.0,13593.0,0,0.0,1259,,,0,0.0,11/16/2020 18:40,Agree,
14237,2020-11-16,KS,122741,108024.0,14717.0,7234,1124.0,1266,,,7,0.0,11/17/2020 14:52,Agree,
14238,2020-11-17,KS,122741,108024.0,14717.0,0,0.0,1266,,,0,0.0,11/18/2020 14:57,Agree,
14239,2020-11-18,KS,128594,112461.0,16133.0,5853,1416.0,1326,,,60,3.0,11/19/2020 15:01,Agree,
14240,2020-11-19,KS,128594,112461.0,16133.0,0,0.0,1326,,,0,0.0,11/20/2020 15:06,Agree,
14537,2020-11-13,NH,13929,,,459,1541.0,498,,,3,10.0,11/14/2020 14:44,Not agree,Not agree
14538,2020-11-14,NH,14311,,,382,105.0,499,,,1,0.0,11/15/2020 15:12,Not agree,Not agree
14539,2020-11-15,NH,14671,,,360,119.0,499,,,0,0.0,11/16/2020 18:40,Not agree,Not agree
14540,2020-11-16,NH,15029,,,358,167.0,500,,,1,1.0,11/17/2020 14:52,Not agree,Not agree
14541,2020-11-17,NH,15303,,,274,79.0,502,,,2,0.0,11/18/2020 14:57,Not agree,Not agree
14542,2020-11-18,NH,15749,,,446,119.0,504,,,2,0.0,11/19/2020 15:01,Not agree,Not agree
14543,2020-11-19,NH,16277,,,528,202.0,506,,,2,0.0,11/20/2020 15:06,Not agree,Not agree
14840,2020-11-13,ME,8791,7882.0,909.0,152,18.0,164,,,2,0.0,11/14/2020 14:44,Agree,
14841,2020-11-14,ME,8944,8006.0,938.0,153,29.0,165,,,1,0.0,11/15/2020 15:12,Agree,
14842,2020-11-15,ME,9117,8179.0,938.0,173,0.0,165,,,0,0.0,11/16/2020 18:40,Agree,
14843,2020-11-16,ME,9363,8411.0,952.0,246,14.0,166,,,1,0.0,11/17/2020 14:52,Agree,
14844,2020-11-17,ME,9519,8559.0,960.0,156,8.0,170,,,4,0.0,11/18/2020 14:57,Agree,
14845,2020-11-18,ME,9734,8733.0,1001.0,215,41.0,171,,,1,0.0,11/19/2020 15:01,Agree,
14846,2020-11-19,ME,9958,8933.0,1025.0,224,24.0,173,,,2,0.0,11/20/2020 15:06,Agree,
15143,2020-11-13,MT,44244,44244.0,0.0,1213,0.0,477,477.0,0.0,5,0.0,11/14/2020 14:44,Agree,Agree
15144,2020-11-14,MT,45886,45886.0,0.0,1642,0.0,514,514.0,0.0,37,0.0,11/15/2020 15:12,Agree,Agree
15145,2020-11-15,MT,47158,47158.0,0.0,1272,0.0,520,520.0,0.0,6,0.0,11/16/2020 18:40,Agree,Agree
15146,2020-11-16,MT,48027,48027.0,0.0,869,0.0,522,522.0,0.0,2,0.0,11/17/2020 14:52,Agree,Agree
15147,2020-11-17,MT,49398,49398.0,0.0,1371,0.0,543,543.0,0.0,21,0.0,11/18/2020 14:57,Agree,Agree
15148,2020-11-18,MT,50582,50582.0,0.0,1184,0.0,561,561.0,0.0,18,0.0,11/19/2020 15:01,Agree,Agree
15149,2020-11-19,MT,51818,51818.0,0.0,1236,0.0,561,561.0,0.0,0,0.0,11/20/2020 15:06,Agree,Agree
15749,2020-11-13,NC,305233,290802.0,14431.0,1779,181.0,4720,4619.0,101.0,14,1.0,11/14/2020 14:44,Agree,Agree
15750,2020-11-14,NC,309118,294328.0,14790.0,3885,359.0,4756,4651.0,105.0,36,4.0,11/15/2020 15:12,Agree,Agree
15751,2020-11-15,NC,312235,297184.0,15051.0,3117,261.0,4806,4696.0,110.0,50,5.0,11/16/2020 18:40,Agree,Agree
15752,2020-11-16,NC,314207,299061.0,15146.0,1972,95.0,4814,4704.0,110.0,8,0.0,11/17/2020 14:52,Agree,Agree
15753,2020-11-17,NC,317495,301998.0,15497.0,3288,351.0,4852,4738.0,114.0,38,4.0,11/18/2020 14:57,Agree,Agree
15754,2020-11-18,NC,320862,304784.0,16078.0,3367,581.0,4898,4780.0,118.0,46,4.0,11/19/2020 15:01,Agree,Agree
15755,2020-11-19,NC,325158,308548.0,16610.0,4296,532.0,4936,4814.0,122.0,38,4.0,11/20/2020 15:06,Agree,Agree
16961,2020-11-13,VT,2743,,,92,0.0,59,,,0,0.0,11/14/2020 14:44,Not agree,Not agree
16962,2020-11-14,VT,2843,,,100,0.0,59,,,0,0.0,11/15/2020 15:12,Not agree,Not agree
16963,2020-11-15,VT,2889,,,46,0.0,59,,,0,0.0,11/16/2020 18:40,Not agree,Not agree
16964,2020-11-16,VT,3008,,,119,0.0,59,,,0,0.0,11/17/2020 14:52,Not agree,Not agree
16965,2020-11-17,VT,3104,,,96,0.0,60,,,1,0.0,11/18/2020 14:57,Not agree,Not agree
16966,2020-11-18,VT,3161,,,57,0.0,60,,,0,0.0,11/19/2020 15:01,Not agree,Not agree
16967,2020-11-19,VT,3310,,,149,0.0,61,,,1,0.0,11/20/2020 15:06,Not agree,Not agree
